mysql> select id,name,description from test where id=900000;
+--------+------------------------------------------------------------------------------------------------------+----------------------------------------------------------------------------------------------------------------------------------------------------------------------------------------------------------------------------------------------------------------------------------------------------------------------------------------------------------------------------------------------------------------------------------------------------------------------------------------------------------------------+
| id     | name                                                                                                 | description                                                                                                                                                                                                                                                                                                                                                                                                                                                                                                          |
+--------+------------------------------------------------------------------------------------------------------+----------------------------------------------------------------------------------------------------------------------------------------------------------------------------------------------------------------------------------------------------------------------------------------------------------------------------------------------------------------------------------------------------------------------------------------------------------------------------------------------------------------------+
| 900000 | aFGkaktaiQTs3bARNKFe5ZA8Arz2KGKRbsQ4A3e7HGG74KH9rzKNbdhr5zKGiG4N6T4sffH2K5st48z7KKQ8Y3YyGyD5S5z9a2Tk | ZABseT62aBEBfaKGkSSb2hr9A6A8rBHQBk6d5h7hYSFyetD47yk5ke5sQfQi7TSRsF7Zt7G8GHRbeAdN7THG7GFhQyzz5dZS8teKZABseT62aBEBfaKGkSSb2hr9A6A8rBHQBk6d5h7hYSFyetD47yk5ke5sQfQi7TSRsF7Zt7G8GHRbeAdN7THG7GFhQyzz5dZS8teKZABseT62aBEBfaKGkSSb2hr9A6A8rBHQBk6d5h7hYSFyetD47yk5ke5sQfQi7TSRsF7Zt7G8GHRbeAdN7THG7GFhQyzz5dZS8teKZABseT62aBEBfaKGkSSb2hr9A6A8rBHQBk6d5h7hYSFyetD47yk5ke5sQfQi7TSRsF7Zt7G8GHRbeAdN7THG7GFhQyzz5dZS8teKZABseT62aBEBfaKGkSSb2hr9A6A8rBHQBk6d5h7hYSFyetD47yk5ke5sQfQi7TSRsF7Zt7G8GHRbeAdN7THG7GFhQyzz5dZS8teK |
+--------+------------------------------------------------------------------------------------------------------+----------------------------------------------------------------------------------------------------------------------------------------------------------------------------------------------------------------------------------------------------------------------------------------------------------------------------------------------------------------------------------------------------------------------------------------------------------------------------------------------------------------------+
1 row in set (7.48 sec)

////////////////////////////////////////////////////////////////////////////////

mysql> explain select id,name,description from test where id=900000;
+----+-------------+-------+------------+------+---------------+------+---------+------+--------+----------+-------------+
| id | select_type | table | partitions | type | possible_keys | key  | key_len | ref  | rows   | filtered | Extra       |
+----+-------------+-------+------------+------+---------------+------+---------+------+--------+----------+-------------+
|  1 | SIMPLE      | test  | NULL       | ALL  | NULL          | NULL | NULL    | NULL | 939300 |    10.00 | Using where |
+----+-------------+-------+------------+------+---------------+------+---------+------+--------+----------+-------------+
1 row in set, 1 warning (0.06 sec)

////////////////////////////////////////////////////////////////////////////////
////////////////////////////////////////////////////////////////////////////////

mysql> select id,name,description from test where name='aFGkaktaiQTs3bARNKFe5ZA8Arz2KGKRbsQ4A3e7HGG74KH9rzKNbdhr5zKGiG4N6T4sffH2K5st48z7KKQ8Y3YyGyD5S5z9a2Tk';
+--------+------------------------------------------------------------------------------------------------------+----------------------------------------------------------------------------------------------------------------------------------------------------------------------------------------------------------------------------------------------------------------------------------------------------------------------------------------------------------------------------------------------------------------------------------------------------------------------------------------------------------------------+
| id     | name                                                                                                 | description                                                                                                                                                                                                                                                                                                                                                                                                                                                                                                          |
+--------+------------------------------------------------------------------------------------------------------+----------------------------------------------------------------------------------------------------------------------------------------------------------------------------------------------------------------------------------------------------------------------------------------------------------------------------------------------------------------------------------------------------------------------------------------------------------------------------------------------------------------------+
| 900000 | aFGkaktaiQTs3bARNKFe5ZA8Arz2KGKRbsQ4A3e7HGG74KH9rzKNbdhr5zKGiG4N6T4sffH2K5st48z7KKQ8Y3YyGyD5S5z9a2Tk | ZABseT62aBEBfaKGkSSb2hr9A6A8rBHQBk6d5h7hYSFyetD47yk5ke5sQfQi7TSRsF7Zt7G8GHRbeAdN7THG7GFhQyzz5dZS8teKZABseT62aBEBfaKGkSSb2hr9A6A8rBHQBk6d5h7hYSFyetD47yk5ke5sQfQi7TSRsF7Zt7G8GHRbeAdN7THG7GFhQyzz5dZS8teKZABseT62aBEBfaKGkSSb2hr9A6A8rBHQBk6d5h7hYSFyetD47yk5ke5sQfQi7TSRsF7Zt7G8GHRbeAdN7THG7GFhQyzz5dZS8teKZABseT62aBEBfaKGkSSb2hr9A6A8rBHQBk6d5h7hYSFyetD47yk5ke5sQfQi7TSRsF7Zt7G8GHRbeAdN7THG7GFhQyzz5dZS8teKZABseT62aBEBfaKGkSSb2hr9A6A8rBHQBk6d5h7hYSFyetD47yk5ke5sQfQi7TSRsF7Zt7G8GHRbeAdN7THG7GFhQyzz5dZS8teK |
+--------+------------------------------------------------------------------------------------------------------+----------------------------------------------------------------------------------------------------------------------------------------------------------------------------------------------------------------------------------------------------------------------------------------------------------------------------------------------------------------------------------------------------------------------------------------------------------------------------------------------------------------------+
1 row in set (5.20 sec)

////////////////////////////////////////////////////////////////////////////////

mysql> explain select id,name,description from test where name='aFGkaktaiQTs3bARNKFe5ZA8Arz2KGKRbsQ4A3e7HGG74KH9rzKNbdhr5zKGiG4N6T4sffH2K5st48z7KKQ8Y3YyGyD5S5z9a2Tk';
+----+-------------+-------+------------+------+---------------+------+---------+------+--------+----------+-------------+
| id | select_type | table | partitions | type | possible_keys | key  | key_len | ref  | rows   | filtered | Extra       |
+----+-------------+-------+------------+------+---------------+------+---------+------+--------+----------+-------------+
|  1 | SIMPLE      | test  | NULL       | ALL  | NULL          | NULL | NULL    | NULL | 939300 |    10.00 | Using where |
+----+-------------+-------+------------+------+---------------+------+---------+------+--------+----------+-------------+
1 row in set, 1 warning (0.00 sec)

////////////////////////////////////////////////////////////////////////////////
////////////////////////////////////////////////////////////////////////////////

mysql> select id,name,description from test where description='ZABseT62aBEBfaKGkSSb2hr9A6A8rBHQBk6d5h7hYSFyetD47yk5ke5sQfQi7TSRsF7Zt7G8GHRbeAdN7THG7GFhQyzz5dZS8teKZABseT62aBEBfaKGkSSb2hr9A6A8rBHQBk6d5h7hYSFyetD47yk5ke5sQfQi7TSRsF7Zt7G8GHRbeAdN7THG7GFhQyzz5dZS8teKZABseT62aBEBfaKGkSSb2hr9A6A8rBHQBk6d5h7hYSFyetD47yk5ke5sQfQi7TSRsF7Zt7G8GHRbeAdN7THG7GFhQyzz5dZS8teKZABseT62aBEBfaKGkSSb2hr9A6A8rBHQBk6d5h7hYSFyetD47yk5ke5sQfQi7TSRsF7Zt7G8GHRbeAdN7THG7GFhQyzz5dZS8teKZABseT62aBEBfaKGkSSb2hr9A6A8rBHQBk6d5h7hYSFyetD47yk5ke5sQfQi7TSRsF7Zt7G8GHRbeAdN7THG7GFhQyzz5dZS8teK';
+--------+------------------------------------------------------------------------------------------------------+----------------------------------------------------------------------------------------------------------------------------------------------------------------------------------------------------------------------------------------------------------------------------------------------------------------------------------------------------------------------------------------------------------------------------------------------------------------------------------------------------------------------+
| id     | name                                                                                                 | description                                                                                                                                                                                                                                                                                                                                                                                                                                                                                                          |
+--------+------------------------------------------------------------------------------------------------------+----------------------------------------------------------------------------------------------------------------------------------------------------------------------------------------------------------------------------------------------------------------------------------------------------------------------------------------------------------------------------------------------------------------------------------------------------------------------------------------------------------------------+
| 900000 | aFGkaktaiQTs3bARNKFe5ZA8Arz2KGKRbsQ4A3e7HGG74KH9rzKNbdhr5zKGiG4N6T4sffH2K5st48z7KKQ8Y3YyGyD5S5z9a2Tk | ZABseT62aBEBfaKGkSSb2hr9A6A8rBHQBk6d5h7hYSFyetD47yk5ke5sQfQi7TSRsF7Zt7G8GHRbeAdN7THG7GFhQyzz5dZS8teKZABseT62aBEBfaKGkSSb2hr9A6A8rBHQBk6d5h7hYSFyetD47yk5ke5sQfQi7TSRsF7Zt7G8GHRbeAdN7THG7GFhQyzz5dZS8teKZABseT62aBEBfaKGkSSb2hr9A6A8rBHQBk6d5h7hYSFyetD47yk5ke5sQfQi7TSRsF7Zt7G8GHRbeAdN7THG7GFhQyzz5dZS8teKZABseT62aBEBfaKGkSSb2hr9A6A8rBHQBk6d5h7hYSFyetD47yk5ke5sQfQi7TSRsF7Zt7G8GHRbeAdN7THG7GFhQyzz5dZS8teKZABseT62aBEBfaKGkSSb2hr9A6A8rBHQBk6d5h7hYSFyetD47yk5ke5sQfQi7TSRsF7Zt7G8GHRbeAdN7THG7GFhQyzz5dZS8teK |
+--------+------------------------------------------------------------------------------------------------------+----------------------------------------------------------------------------------------------------------------------------------------------------------------------------------------------------------------------------------------------------------------------------------------------------------------------------------------------------------------------------------------------------------------------------------------------------------------------------------------------------------------------+
1 row in set (5.38 sec)

////////////////////////////////////////////////////////////////////////////////

mysql> explain select id,name,description from test where description='ZABseT62aBEBfaKGkSSb2hr9A6A8rBHQBk6d5h7hYSFyetD47yk5ke5sQfQi7TSRsF7Zt7G8GHRbeAdN7THG7GFhQyzz5                                                                                                                                                 7hYSFyetD47yk5ke5sQfQi7TSRsF7Zt7G8GHRbeAdN7THG7GFhQyzz5dZS8teKZABseT62aBEBfaKGkSSb2hr9A6A8rBHQBk6d5h7hYSFyetD47yk5ke5sQfQi7TSRsF7Zt7G8GHRbeAdN7THG7GFhQyzz5dZS8teKZABseT62aBEBfaKGkSSb2hr9A6A8rBHQBk6d5h7hYSFyetD47yk5ke5sQfQi7TSRsF7Zt7G8GHRbeAdN7THG7GFhQyzz5dZS8teK';
+----+-------------+-------+------------+------+---------------+------+---------+------+--------+----------+-------------+
| id | select_type | table | partitions | type | possible_keys | key  | key_len | ref  | rows   | filtered | Extra       |
+----+-------------+-------+------------+------+---------------+------+---------+------+--------+----------+-------------+
|  1 | SIMPLE      | test  | NULL       | ALL  | NULL          | NULL | NULL    | NULL | 939300 |    10.00 | Using where |
+----+-------------+-------+------------+------+---------------+------+---------+------+--------+----------+-------------+
1 row in set, 1 warning (0.00 sec)

////////////////////////////////////////////////////////////////////////////////
////////////////////////////////////////////////////////////////////////////////

////////////////////////////////////INDEX///////////////////////////////////////

mysql> select id,name,description from test where id=900000;                                                                                               +--------+------------------------------------------------------------------------------------------------------+----------------------------------------------------------------------------------------------------------------------------------------------------------------------------------------------------------------------------------------------------------------------------------------------------------------------------------------------------------------------------------------------------------------------------------------------------------------------------------------------------------------------+
| id     | name                                                                                                 | description                                                                                                                                                                                                                                                                                                                                                                                                                                                                                                          |
+--------+------------------------------------------------------------------------------------------------------+----------------------------------------------------------------------------------------------------------------------------------------------------------------------------------------------------------------------------------------------------------------------------------------------------------------------------------------------------------------------------------------------------------------------------------------------------------------------------------------------------------------------+
| 900000 | aFGkaktaiQTs3bARNKFe5ZA8Arz2KGKRbsQ4A3e7HGG74KH9rzKNbdhr5zKGiG4N6T4sffH2K5st48z7KKQ8Y3YyGyD5S5z9a2Tk | ZABseT62aBEBfaKGkSSb2hr9A6A8rBHQBk6d5h7hYSFyetD47yk5ke5sQfQi7TSRsF7Zt7G8GHRbeAdN7THG7GFhQyzz5dZS8teKZABseT62aBEBfaKGkSSb2hr9A6A8rBHQBk6d5h7hYSFyetD47yk5ke5sQfQi7TSRsF7Zt7G8GHRbeAdN7THG7GFhQyzz5dZS8teKZABseT62aBEBfaKGkSSb2hr9A6A8rBHQBk6d5h7hYSFyetD47yk5ke5sQfQi7TSRsF7Zt7G8GHRbeAdN7THG7GFhQyzz5dZS8teKZABseT62aBEBfaKGkSSb2hr9A6A8rBHQBk6d5h7hYSFyetD47yk5ke5sQfQi7TSRsF7Zt7G8GHRbeAdN7THG7GFhQyzz5dZS8teKZABseT62aBEBfaKGkSSb2hr9A6A8rBHQBk6d5h7hYSFyetD47yk5ke5sQfQi7TSRsF7Zt7G8GHRbeAdN7THG7GFhQyzz5dZS8teK |
+--------+------------------------------------------------------------------------------------------------------+----------------------------------------------------------------------------------------------------------------------------------------------------------------------------------------------------------------------------------------------------------------------------------------------------------------------------------------------------------------------------------------------------------------------------------------------------------------------------------------------------------------------+
1 row in set (0.02 sec)

////////////////////////////////////////////////////////////////////////////////

mysql> SHOW SESSION STATUS  LIKE 'Last_query_cost';
+-----------------+----------+
| Variable_name   | Value    |
+-----------------+----------+
| Last_query_cost | 1.199000 |
+-----------------+----------+
1 row in set (0.00 sec)

////////////////////////////////////////////////////////////////////////////////

mysql> explain select id,name,description from test where id=900000;
+----+-------------+-------+------------+------+---------------+------+---------+-------+------+----------+-------+
| id | select_type | table | partitions | type | possible_keys | key  | key_len | ref   | rows | filtered | Extra |
+----+-------------+-------+------------+------+---------------+------+---------+-------+------+----------+-------+
|  1 | SIMPLE      | test  | NULL       | ref  | id            | id   | 4       | const |    1 |   100.00 | NULL  |
+----+-------------+-------+------------+------+---------------+------+---------+-------+------+----------+-------+
1 row in set, 1 warning (0.00 sec)

////////////////////////////////////////////////////////////////////////////////
////////////////////////////////////////////////////////////////////////////////

mysql> select id,name,description from test where name='aFGkaktaiQTs3bARNKFe5ZA8Arz2KGKRbsQ4A3e7HGG74KH9rzKNbdhr5zKGiG4N6T4sffH2K5st48z7KKQ8Y3YyGyD5S5z9a2Tk';
+--------+------------------------------------------------------------------------------------------------------+----------------------------------------------------------------------------------------------------------------------------------------------------------------------------------------------------------------------------------------------------------------------------------------------------------------------------------------------------------------------------------------------------------------------------------------------------------------------------------------------------------------------+
| id     | name                                                                                                 | description                                                                                                                                                                                                                                                                                                                                                                                                                                                                                                          |
+--------+------------------------------------------------------------------------------------------------------+----------------------------------------------------------------------------------------------------------------------------------------------------------------------------------------------------------------------------------------------------------------------------------------------------------------------------------------------------------------------------------------------------------------------------------------------------------------------------------------------------------------------+
| 900000 | aFGkaktaiQTs3bARNKFe5ZA8Arz2KGKRbsQ4A3e7HGG74KH9rzKNbdhr5zKGiG4N6T4sffH2K5st48z7KKQ8Y3YyGyD5S5z9a2Tk | ZABseT62aBEBfaKGkSSb2hr9A6A8rBHQBk6d5h7hYSFyetD47yk5ke5sQfQi7TSRsF7Zt7G8GHRbeAdN7THG7GFhQyzz5dZS8teKZABseT62aBEBfaKGkSSb2hr9A6A8rBHQBk6d5h7hYSFyetD47yk5ke5sQfQi7TSRsF7Zt7G8GHRbeAdN7THG7GFhQyzz5dZS8teKZABseT62aBEBfaKGkSSb2hr9A6A8rBHQBk6d5h7hYSFyetD47yk5ke5sQfQi7TSRsF7Zt7G8GHRbeAdN7THG7GFhQyzz5dZS8teKZABseT62aBEBfaKGkSSb2hr9A6A8rBHQBk6d5h7hYSFyetD47yk5ke5sQfQi7TSRsF7Zt7G8GHRbeAdN7THG7GFhQyzz5dZS8teKZABseT62aBEBfaKGkSSb2hr9A6A8rBHQBk6d5h7hYSFyetD47yk5ke5sQfQi7TSRsF7Zt7G8GHRbeAdN7THG7GFhQyzz5dZS8teK |
+--------+------------------------------------------------------------------------------------------------------+----------------------------------------------------------------------------------------------------------------------------------------------------------------------------------------------------------------------------------------------------------------------------------------------------------------------------------------------------------------------------------------------------------------------------------------------------------------------------------------------------------------------+
1 row in set (0.01 sec)

////////////////////////////////////////////////////////////////////////////////

mysql> SHOW SESSION STATUS  LIKE 'Last_query_cost';                                                                                                        +-----------------+----------+
| Variable_name   | Value    |
+-----------------+----------+
| Last_query_cost | 1.199000 |
+-----------------+----------+
1 row in set (0.00 sec)

////////////////////////////////////////////////////////////////////////////////

mysql> explain select id,name,description from test where name='aFGkaktaiQTs3bARNKFe5ZA8Arz2KGKRbsQ4A3e7HGG74KH9rzKNbdhr5zKGiG4N6T4sffH2K5st48z7KKQ8Y3YyGyD5S5z9a2Tk';
+----+-------------+-------+------------+------+---------------+--------+---------+-------+------+----------+-------+
| id | select_type | table | partitions | type | possible_keys | key    | key_len | ref   | rows | filtered | Extra |
+----+-------------+-------+------------+------+---------------+--------+---------+-------+------+----------+-------+
|  1 | SIMPLE      | test  | NULL       | ref  | i_name        | i_name | 258     | const |    1 |   100.00 | NULL  |
+----+-------------+-------+------------+------+---------------+--------+---------+-------+------+----------+-------+
1 row in set, 1 warning (0.00 sec)

////////////////////////////////////////////////////////////////////////////////
////////////////////////////////////////////////////////////////////////////////

mysql> select id,name,description from test where description='ZABseT62aBEBfaKGkSSb2hr9A6A8rBHQBk6d5h7hYSFyetD47yk5ke5sQfQi7TSRsF7Zt7G8GHRbeAdN7THG7GFhQyzz5dZS8teKZABseT62aBEBfaKGkSSb2hr9A6A8rBHQBk6d5h7hYSFyetD47yk5ke5sQfQi7TSRsF7Zt7G8GHRbeAdN7THG7GFhQyzz5dZS8teKZABseT62aBEBfaKGkSSb2hr9A6A8rBHQBk6d5h7hYSFyetD47yk5ke5sQfQi7TSRsF7Zt7G8GHRbeAdN7THG7GFhQyzz5dZS8teKZABseT62aBEBfaKGkSSb2hr9A6A8rBHQBk6d5h7hYSFyetD47yk5ke5sQfQi7TSRsF7Zt7G8GHRbeAdN7THG7GFhQyzz5dZS8teKZABseT62aBEBfaKGkSSb2hr9A6A8rBHQBk6d5h7hYSFyetD47yk5ke5sQfQi7TSRsF7Zt7G8GHRbeAdN7THG7GFhQyzz5dZS8teK';
+--------+------------------------------------------------------------------------------------------------------+----------------------------------------------------------------------------------------------------------------------------------------------------------------------------------------------------------------------------------------------------------------------------------------------------------------------------------------------------------------------------------------------------------------------------------------------------------------------------------------------------------------------+
| id     | name                                                                                                 | description                                                                                                                                                                                                                                                                                                                                                                                                                                                                                                          |
+--------+------------------------------------------------------------------------------------------------------+----------------------------------------------------------------------------------------------------------------------------------------------------------------------------------------------------------------------------------------------------------------------------------------------------------------------------------------------------------------------------------------------------------------------------------------------------------------------------------------------------------------------+
| 900000 | aFGkaktaiQTs3bARNKFe5ZA8Arz2KGKRbsQ4A3e7HGG74KH9rzKNbdhr5zKGiG4N6T4sffH2K5st48z7KKQ8Y3YyGyD5S5z9a2Tk | ZABseT62aBEBfaKGkSSb2hr9A6A8rBHQBk6d5h7hYSFyetD47yk5ke5sQfQi7TSRsF7Zt7G8GHRbeAdN7THG7GFhQyzz5dZS8teKZABseT62aBEBfaKGkSSb2hr9A6A8rBHQBk6d5h7hYSFyetD47yk5ke5sQfQi7TSRsF7Zt7G8GHRbeAdN7THG7GFhQyzz5dZS8teKZABseT62aBEBfaKGkSSb2hr9A6A8rBHQBk6d5h7hYSFyetD47yk5ke5sQfQi7TSRsF7Zt7G8GHRbeAdN7THG7GFhQyzz5dZS8teKZABseT62aBEBfaKGkSSb2hr9A6A8rBHQBk6d5h7hYSFyetD47yk5ke5sQfQi7TSRsF7Zt7G8GHRbeAdN7THG7GFhQyzz5dZS8teKZABseT62aBEBfaKGkSSb2hr9A6A8rBHQBk6d5h7hYSFyetD47yk5ke5sQfQi7TSRsF7Zt7G8GHRbeAdN7THG7GFhQyzz5dZS8teK |
+--------+------------------------------------------------------------------------------------------------------+----------------------------------------------------------------------------------------------------------------------------------------------------------------------------------------------------------------------------------------------------------------------------------------------------------------------------------------------------------------------------------------------------------------------------------------------------------------------------------------------------------------------+
1 row in set (0.01 sec)

////////////////////////////////////////////////////////////////////////////////

mysql> SHOW SESSION STATUS  LIKE 'Last_query_cost';                                                                                                        +-----------------+----------+
| Variable_name   | Value    |
+-----------------+----------+
| Last_query_cost | 1.199000 |
+-----------------+----------+
1 row in set (0.01 sec)

////////////////////////////////////////////////////////////////////////////////

mysql> explain select id,name,description from test where description='ZABseT62aBEBfaKGkSSb2hr9A6A8rBHQBk6d5h7hYSFyetD47yk5ke5sQfQi7TSRsF7Zt7G8GHRbeAdN7THG7GFhQyzz5dZS8teKZABseT62aBEBfaKGkSSb2hr9A6A8rBHQBk6d5h7hYSFyetD47yk5ke5sQfQi7TSRsF7Zt7G8GHRbeAdN7THG7GFhQyzz5dZS8teKZABseT62aBEBfaKGkSSb2hr9A6A8rBHQBk6d5h7hYSFyetD47yk5ke5sQfQi7TSRsF7Zt7G8GHRbeAdN7THG7GFhQyzz5dZS8teKZABseT62aBEBfaKGkSSb2hr9A6A8rBHQBk6d5h7hYSFyetD47yk5ke5sQfQi7TSRsF7Zt7G8GHRbeAdN7THG7GFhQyzz5dZS8teKZABseT62aBEBfaKGkSSb2hr9A6A8rBHQBk6d5h7hYSFyetD47yk5ke5sQfQi7TSRsF7Zt7G8GHRbeAdN7THG7GFhQyzz5dZS8teK';
+----+-------------+-------+------------+------+---------------+--------+---------+-------+------+----------+-------------+
| id | select_type | table | partitions | type | possible_keys | key    | key_len | ref   | rows | filtered | Extra       |
+----+-------------+-------+------------+------+---------------+--------+---------+-------+------+----------+-------------+
|  1 | SIMPLE      | test  | NULL       | ref  | i_desc        | i_desc | 259     | const |    1 |   100.00 | Using where |
+----+-------------+-------+------------+------+---------------+--------+---------+-------+------+----------+-------------+
1 row in set, 1 warning (0.00 sec)

////////////////////////////////////////////////////////////////////////////////
////////////////////////////////////////////////////////////////////////////////
